Symbol,Company,Type,Sector,Sub-Sector,Price,Fundamental,Technical,Sentimental,Rating
A,Agilent Technologies,Defensive,Health Care,Life Sciences Tools & Services,117,33,82,60,56
AAPL,Apple Inc.,Growth,Information Technology,"Technology Hardware, Storage & Peripherals",211,62,98,66,92
ABBV,AbbVie,Defensive,Health Care,Biotechnology,198,22,95,39,45
ABNB,Airbnb,Growth,Consumer Discretionary,"Hotels, Resorts & Cruise Lines",102,26,19,88,26
ABT,Abbott Laboratories,Defensive,Health Care,Health Care Equipment,114,66,48,19,52
ACGL,Arch Capital Group,Cyclical,Financials,Property & Casualty Insurance,80,83,31,39,64
ADBE,Adobe Inc.,Growth,Information Technology,Application Software,290,91,35,89,92
ADI,Analog Devices,Growth,Information Technology,Semiconductors,194,29,48,5,13
ADM,Archer Daniels Midland,Defensive,Consumer Staples,Agricultural Products & Services,52,78,46,39,68
ADP,Automatic Data Processing,Cyclical,Industrials,Human Resource & Employment Services,245,56,54,62,61
ADSK,Autodesk,Growth,Information Technology,Application Software,261,31,76,13,33
AEE,Ameren,Defensive,Utilities,Multi-Utilities,89,14,58,39,18
AEP,American Electric Power,Defensive,Utilities,Electric Utilities,101,21,78,93,55
AES,AES Corporation,Defensive,Utilities,Independent Power Producers & Energy Traders,12,8,44,84,21
AFL,Aflac,Cyclical,Financials,Life & Health Insurance,95,45,68,39,51
AIG,American International Group,Cyclical,Financials,Multi-line Insurance,70,70,56,39,65
AIZ,Assurant,Cyclical,Financials,Multi-line Insurance,187,61,83,39,75
AJG,Arthur J. Gallagher & Co.,Cyclical,Financials,Insurance Brokers,259,10,59,39,14
AKAM,Akamai Technologies,Growth,Information Technology,Internet Services & Infrastructure,63,49,11,39,25
ALB,Albemarle Corporation,Cyclical,Materials,Specialty Chemicals,77,16,83,77,47
ALGN,Align Technology,Defensive,Health Care,Health Care Supplies,108,52,21,39,32
ALL,Allstate,Cyclical,Financials,Property & Casualty Insurance,177,73,66,63,86
ALLE,Allegion,Cyclical,Industrials,Building Products,149,59,90,63,86
AMAT,Applied Materials,Growth,Information Technology,Semiconductor Materials & Equipment,181,89,91,88,100
AMCR,Amcor,Cyclical,Materials,Paper & Plastic Packaging Products & Materials,7,55,2,39,26
AMD,Advanced Micro Devices,Growth,Information Technology,Semiconductors,185,4,97,65,39
AME,Ametek,Cyclical,Industrials,Electrical Components & Equipment,154,78,42,39,65
AMGN,Amgen,Defensive,Health Care,Biotechnology,249,39,73,17,40
AMP,Ameriprise Financial,Cyclical,Financials,Asset Management & Custody Banks,412,79,36,10,55
AMT,American Tower,Special,Real Estate,Telecom Tower REITs,161,12,26,5,2
AMZN,Amazon,Growth,Consumer Discretionary,Broadline Retail,186,33,62,59,44
ANET,Arista Networks,Growth,Information Technology,Communications Equipment,132,40,92,76,73
AON,Aon plc,Cyclical,Financials,Insurance Brokers,310,45,49,21,34
AOS,A. O. Smith,Cyclical,Industrials,Building Products,58,96,35,39,81
APA,APA Corporation,Cyclical,Energy,Oil & Gas Exploration & Production,19,98,67,81,98
APD,Air Products,Cyclical,Materials,Industrial Gases,221,39,23,39,22
APH,Amphenol,Growth,Information Technology,Electronic Components,105,36,90,81,69
APO,Apollo Global Management,Cyclical,Financials,Asset Management & Custody Banks,102,28,26,92,32
APP,AppLovin,Growth,Information Technology,Application Software,490,25,100,72,62
APTV,Aptiv,Growth,Consumer Discretionary,Automotive Parts & Equipment,69,78,72,39,85
ARE,Alexandria Real Estate Equities,Special,Real Estate,Office REITs,64,15,30,70,14
ATO,Atmos Energy,Defensive,Utilities,Gas Utilities,152,54,84,39,66
AVB,AvalonBay Communities,Special,Real Estate,Multi-Family Residential REITs,159,58,18,39,35
AVGO,Broadcom,Growth,Information Technology,Semiconductors,279,39,96,83,77
AVY,Avery Dennison,Cyclical,Materials,Paper & Plastic Packaging Products & Materials,136,77,19,39,54
AWK,American Water Works,Defensive,Utilities,Water Utilities,123,20,35,39,10
AXON,Axon Enterprise,Cyclical,Industrials,Aerospace & Defense,604,1,55,91,24
AXP,American Express,Cyclical,Financials,Consumer Finance,272,60,75,39,67
BA,Boeing,Cyclical,Industrials,Aerospace & Defense,181,6,52,90,27
BAC,Bank of America,Cyclical,Financials,Diversified Banks,42,72,58,91,90
BALL,Ball Corporation,Cyclical,Materials,"Metal, Glass & Plastic Containers",40,28,8,22,3
BAX,Baxter International,Defensive,Health Care,Health Care Equipment,19,33,3,60,11
BBY,Best Buy,Growth,Consumer Discretionary,Computer & Electronics Retail,61,80,46,18,62
BDX,Becton Dickinson,Defensive,Health Care,Health Care Equipment,160,53,47,39,47
BEN,Franklin Resources,Cyclical,Financials,Asset Management & Custody Banks,19,32,26,4,5
BF-B,Brown–Forman,Defensive,Consumer Staples,Distillers & Vintners,23,42,1,95,32
BG,Bunge Global,Defensive,Consumer Staples,Agricultural Products & Services,69,46,22,12,17
BIIB,Biogen,Defensive,Health Care,Biotechnology,126,95,68,39,93
BK,BNY Mellon,Cyclical,Financials,Asset Management & Custody Banks,90,85,82,97,99
BKNG,Booking Holdings,Growth,Consumer Discretionary,"Hotels, Resorts & Cruise Lines",4441,19,34,68,20
BKR,Baker Hughes,Cyclical,Energy,Oil & Gas Equipment & Services,39,82,74,8,77
BLDR,Builders FirstSource,Cyclical,Industrials,Building Products,105,53,24,11,26
BLK,BlackRock,Cyclical,Financials,Asset Management & Custody Banks,974,63,91,39,82
BMY,Bristol Myers Squibb,Defensive,Health Care,Pharmaceuticals,38,88,12,84,77
BR,Broadridge Financial Solutions,Cyclical,Industrials,Data Processing & Outsourced Services,200,96,28,20,67
BRK-B,Berkshire Hathaway,Cyclical,Financials,Multi-Sector Holdings,421,89,74,10,86
BRO,Brown & Brown,Cyclical,Financials,Insurance Brokers,82,25,32,61,22
BSX,Boston Scientific,Defensive,Health Care,Health Care Equipment,82,24,23,39,7
BX,Blackstone Inc.,Cyclical,Financials,Asset Management & Custody Banks,132,29,42,1,8
BXP,"BXP, Inc.",Special,Real Estate,Office REITs,60,35,23,9,6
C,Citigroup,Cyclical,Financials,Diversified Banks,81,60,77,64,81
CAG,Conagra Brands,Defensive,Consumer Staples,Packaged Foods & Meats,16,50,7,39,23
CAH,Cardinal Health,Defensive,Health Care,Health Care Distributors,135,63,76,39,71
CARR,Carrier Global,Cyclical,Industrials,Building Products,49,63,6,59,41
CAT,Caterpillar Inc.,Cyclical,Industrials,Construction Machinery & Heavy Transportation Equipment,422,76,100,9,87
CB,Chubb Limited,Cyclical,Financials,Property & Casualty Insurance,243,83,64,83,95
CBOE,Cboe Global Markets,Cyclical,Financials,Financial Exchanges & Data,210,41,61,4,31
CBRE,CBRE Group,Special,Real Estate,Real Estate Services,129,4,60,73,23
CCI,Crown Castle,Special,Real Estate,Telecom Tower REITs,84,34,39,98,47
CCL,Carnival,Growth,Consumer Discretionary,"Hotels, Resorts & Cruise Lines",24,99,34,92,96
CDNS,Cadence Design Systems,Growth,Information Technology,Application Software,281,7,79,15,13
CDW,CDW Corporation,Growth,Information Technology,Technology Distributors,125,28,16,39,7
CEG,Constellation Energy,Defensive,Utilities,Electric Utilities,317,26,96,98,70
CF,CF Industries,Cyclical,Materials,Fertilizers & Agricultural Chemicals,75,100,41,89,96
CFG,Citizens Financial Group,Cyclical,Financials,Regional Banks,42,93,72,39,94
CHD,Church & Dwight,Defensive,Consumer Staples,Household Products,75,23,15,97,25
CHRW,C.H. Robinson,Cyclical,Industrials,Air Freight & Logistics,108,49,82,39,62
CHTR,Charter Communications,Growth,Communication Services,Cable & Satellite,223,64,41,97,75
CI,Cigna,Defensive,Health Care,Health Care Services,259,51,63,97,76
CINF,Cincinnati Financial,Cyclical,Financials,Property & Casualty Insurance,137,70,78,39,81
CL,Colgate-Palmolive,Defensive,Consumer Staples,Household Products,67,94,3,71,71
CLX,Clorox,Defensive,Consumer Staples,Household Products,103,97,21,39,73
CMCSA,Comcast,Growth,Communication Services,Cable & Satellite,25,100,5,91,87
CME,CME Group,Cyclical,Financials,Financial Exchanges & Data,233,70,53,71,78
CMG,Chipotle Mexican Grill,Growth,Consumer Discretionary,Restaurants,34,42,10,96,38
CMI,Cummins,Cyclical,Industrials,Construction Machinery & Heavy Transportation Equipment,355,91,100,39,97
CMS,CMS Energy,Defensive,Utilities,Multi-Utilities,64,17,39,58,16
CNC,Centene Corporation,Defensive,Health Care,Managed Health Care,31,38,27,91,41
CNP,CenterPoint Energy,Defensive,Utilities,Multi-Utilities,34,24,48,39,22
COF,Capital One,Cyclical,Financials,Consumer Finance,174,19,53,21,12
COIN,Coinbase,Cyclical,Financials,Financial Exchanges & Data,307,69,98,77,96
COO,Cooper Companies (The),Defensive,Health Care,Health Care Supplies,59,13,27,77,13
COP,ConocoPhillips,Cyclical,Energy,Oil & Gas Exploration & Production,75,92,17,76,81
COR,Cencora,Defensive,Health Care,Health Care Distributors,273,22,79,99,58
CPAY,Corpay,Cyclical,Financials,Transaction & Payment Processing Services,241,49,19,39,28
CPB,Campbell's Company (The),Defensive,Consumer Staples,Packaged Foods & Meats,26,19,3,16,2
CPRT,Copart,Cyclical,Industrials,Diversified Support Services,38,37,4,13,4
CPT,Camden Property Trust,Special,Real Estate,Multi-Family Residential REITs,87,21,9,89,15
CRL,Charles River Laboratories,Defensive,Health Care,Life Sciences Tools & Services,144,52,72,1,46
CRM,Salesforce,Growth,Information Technology,Application Software,208,50,51,14,37
CRWD,CrowdStrike,Growth,Information Technology,Systems Software,424,2,89,80,38
CSCO,Cisco,Growth,Information Technology,Communications Equipment,58,64,69,2,56
CSGP,CoStar Group,Special,Real Estate,Real Estate Services,65,1,14,39,1
CSX,CSX Corporation,Cyclical,Industrials,Rail Transportation,31,50,65,92,74
CTRA,Coterra,Cyclical,Energy,Oil & Gas Exploration & Production,20,90,10,90,81
CTSH,Cognizant,Growth,Information Technology,IT Consulting & Other Services,57,93,29,39,74
CTVA,Corteva,Cyclical,Materials,Fertilizers & Agricultural Chemicals,53,96,11,39,65
CVS,CVS Health,Defensive,Health Care,Health Care Services,67,61,78,82,88
CVX,Chevron Corporation,Cyclical,Energy,Integrated Oil & Gas,128,93,61,2,79
D,Dominion Energy,Defensive,Utilities,Multi-Utilities,52,21,43,75,29
DAL,Delta Air Lines,Cyclical,Industrials,Passenger Airlines,49,99,40,76,94
DASH,DoorDash,Growth,Consumer Discretionary,Specialized Consumer Services,229,5,94,56,35
DAY,Dayforce,Cyclical,Industrials,Human Resource & Employment Services,59,2,62,65,18
DD,DuPont,Cyclical,Materials,Specialty Chemicals,63,10,67,65,28
DDOG,Datadog,Growth,Information Technology,Application Software,136,1,86,14,11
DE,Deere & Company,Cyclical,Industrials,Agricultural & Farm Machinery,384,65,34,64,59
DECK,Deckers Brands,Growth,Consumer Discretionary,Footwear,82,30,9,78,20
DELL,Dell Technologies,Growth,Information Technology,"Technology Hardware, Storage & Peripherals",129,71,80,85,94
DG,Dollar General,Defensive,Consumer Staples,Consumer Staples Merchandise Retail,85,92,24,61,79
DGX,Quest Diagnostics,Defensive,Health Care,Health Care Services,158,62,67,86,85
DHI,D. R. Horton,Growth,Consumer Discretionary,Homebuilding,130,89,55,7,72
DHR,Danaher Corporation,Defensive,Health Care,Life Sciences Tools & Services,174,26,57,39,28
DIS,Walt Disney Company (The),Growth,Communication Services,Movies & Entertainment,94,97,23,15,64
DLR,Digital Realty,Special,Real Estate,Data Center REITs,145,76,61,81,91
DLTR,Dollar Tree,Defensive,Consumer Staples,Consumer Staples Merchandise Retail,75,16,26,70,12
DOC,Healthpeak Properties,Special,Real Estate,Health Care REITs,16,26,32,63,24
DOV,Dover Corporation,Cyclical,Industrials,Industrial Machinery & Supplies & Components,139,44,10,20,10
DOW,Dow Inc.,Cyclical,Materials,Commodity Chemicals,18,40,1,12,4
DPZ,Domino's,Growth,Consumer Discretionary,Restaurants,349,66,20,58,51
DRI,Darden Restaurants,Growth,Consumer Discretionary,Restaurants,156,40,29,63,34
DTE,DTE Energy,Defensive,Utilities,Multi-Utilities,121,14,66,7,10
DUK,Duke Energy,Defensive,Utilities,Electric Utilities,109,18,57,85,37
DVA,DaVita,Defensive,Health Care,Health Care Services,107,57,15,39,33
DVN,Devon Energy,Cyclical,Energy,Oil & Gas Exploration & Production,28,98,29,39,80
DXCM,Dexcom,Defensive,Health Care,Health Care Equipment,56,53,5,99,46
EA,Electronic Arts,Growth,Communication Services,Interactive Home Entertainment,172,5,93,2,14
EBAY,eBay Inc.,Growth,Consumer Discretionary,Broadline Retail,76,23,67,1,16
ECL,Ecolab,Cyclical,Materials,Specialty Chemicals,234,28,65,39,34
ED,Consolidated Edison,Defensive,Utilities,Multi-Utilities,88,20,33,76,24
EFX,Equifax,Cyclical,Industrials,Research & Consulting Services,198,38,24,39,21
EG,Everest Group,Cyclical,Financials,Reinsurance,298,91,75,98,99
EIX,Edison International,Defensive,Utilities,Electric Utilities,45,24,10,10,2
EL,Estée Lauder Companies (The),Defensive,Consumer Staples,Personal Care Products,75,45,56,60,52
ELV,Elevance Health,Defensive,Health Care,Managed Health Care,304,77,77,18,78
EME,Emcor,Cyclical,Industrials,Construction & Engineering,571,41,94,39,61
EMN,Eastman Chemical Company,Cyclical,Materials,Specialty Chemicals,50,60,5,39,30
EMR,Emerson Electric,Cyclical,Industrials,Electrical Components & Equipment,108,24,62,18,22
EOG,EOG Resources,Cyclical,Energy,Oil & Gas Exploration & Production,93,98,13,93,90
EPAM,EPAM Systems,Growth,Information Technology,IT Consulting & Other Services,122,29,17,39,8
EQIX,Equinix,Special,Real Estate,Data Center REITs,688,17,71,81,43
EQR,Equity Residential,Special,Real Estate,Multi-Family Residential REITs,53,65,8,39,37
EQT,EQT Corporation,Cyclical,Energy,Oil & Gas Exploration & Production,46,52,49,95,66
ERIE,Erie Indemnity,Cyclical,Financials,Insurance Brokers,279,73,31,39,57
ES,Eversource Energy,Defensive,Utilities,Electric Utilities,62,18,76,79,46
ESS,Essex Property Trust,Special,Real Estate,Multi-Family Residential REITs,220,45,38,39,35
ETN,Eaton Corporation,Cyclical,Industrials,Electrical Components & Equipment,317,67,85,94,95
ETR,Entergy,Defensive,Utilities,Electric Utilities,82,10,81,3,13
EVRG,Evergy,Defensive,Utilities,Electric Utilities,67,9,76,39,24
EW,Edwards Lifesciences,Defensive,Health Care,Health Care Equipment,64,18,19,86,17
EXC,Exelon,Defensive,Utilities,Electric Utilities,40,9,49,39,8
EXE,Expand Energy,Cyclical,Energy,Oil & Gas Exploration & Production,87,99,64,13,89
EXPD,Expeditors International,Cyclical,Industrials,Air Freight & Logistics,97,37,28,39,23
EXPE,Expedia Group,Growth,Consumer Discretionary,"Hotels, Resorts & Cruise Lines",181,16,88,22,29
EXR,Extra Space Storage,Special,Real Estate,Self-Storage REITs,122,44,32,39,30
F,Ford Motor Company,Growth,Consumer Discretionary,Automobile Manufacturers,10,80,50,58,82
FANG,Diamondback Energy,Cyclical,Energy,Oil & Gas Exploration & Production,120,75,45,66,76
FAST,Fastenal,Cyclical,Industrials,Trading Companies & Distributors,39,68,42,66,66
FCX,Freeport-McMoRan,Cyclical,Materials,Copper,35,84,19,73,72
FDX,FedEx,Cyclical,Industrials,Air Freight & Logistics,193,67,72,39,73
FE,FirstEnergy,Defensive,Utilities,Electric Utilities,40,11,75,82,39
FFIV,"F5, Inc.",Growth,Information Technology,Communications Equipment,285,30,97,39,54
FI,Fiserv,Cyclical,Financials,Transaction & Payment Processing Services,105,74,16,97,69
FICO,Fair Isaac,Growth,Information Technology,Application Software,1432,54,86,39,68
FIS,Fidelity National Information Services,Cyclical,Financials,Transaction & Payment Processing Services,57,12,21,78,9
FITB,Fifth Third Bancorp,Cyclical,Financials,Regional Banks,36,95,25,39,73
FOX,Fox Corporation (Class B),Growth,Communication Services,Broadcasting,44,85,40,16,64
FOXA,Fox Corporation (Class A),Growth,Communication Services,Broadcasting,49,83,56,74,91
FRT,Federal Realty Investment Trust,Special,Real Estate,Retail REITs,82,73,33,39,58
FSLR,First Solar,Growth,Information Technology,Semiconductors,194,79,95,82,98
FTNT,Fortinet,Growth,Information Technology,Systems Software,71,34,50,93,51
FTV,Fortive,Cyclical,Industrials,Industrial Machinery & Supplies & Components,41,38,9,39,12
GD,General Dynamics,Cyclical,Industrials,Aerospace & Defense,286,82,97,39,95
GDDY,GoDaddy,Growth,Information Technology,Internet Services & Infrastructure,112,27,27,39,11
GE,GE Aerospace,Cyclical,Industrials,Aerospace & Defense,251,25,95,82,63
GEHC,GE HealthCare,Defensive,Health Care,Health Care Equipment,61,43,25,39,27
GEN,Gen Digital,Growth,Information Technology,Systems Software,23,32,7,79,21
GEV,GE Vernova,Cyclical,Industrials,Heavy Electrical Equipment,520,2,86,100,44
GILD,Gilead Sciences,Defensive,Health Care,Biotechnology,101,85,65,39,87
GIS,General Mills,Defensive,Consumer Staples,Packaged Foods & Meats,42,77,6,98,66
GL,Globe Life,Cyclical,Financials,Life & Health Insurance,117,61,64,69,75
GLW,Corning Inc.,Growth,Information Technology,Electronic Components,71,12,91,16,27
GM,General Motors,Growth,Consumer Discretionary,Automobile Manufacturers,48,69,50,69,75
GNRC,Generac,Cyclical,Industrials,Electrical Components & Equipment,146,7,64,39,14
GOOG,Alphabet Inc. (Class C),Growth,Communication Services,Interactive Media & Services,204,87,100,61,98
GOOGL,Alphabet Inc. (Class A),Growth,Communication Services,Interactive Media & Services,203,86,99,72,99
GPC,Genuine Parts Company,Growth,Consumer Discretionary,Distributors,112,55,51,18,43
GPN,Global Payments,Cyclical,Financials,Transaction & Payment Processing Services,71,41,52,39,39
GRMN,Garmin,Growth,Consumer Discretionary,Consumer Electronics,213,27,92,77,60
GS,Goldman Sachs,Cyclical,Financials,Investment Banking & Brokerage,657,87,98,96,100
GWW,W. W. Grainger,Cyclical,Industrials,Industrial Machinery & Supplies & Components,815,69,43,39,59
HAL,Halliburton,Cyclical,Energy,Oil & Gas Equipment & Services,19,92,28,8,60
HAS,Hasbro,Growth,Consumer Discretionary,Leisure Products,61,7,34,73,10
HBAN,Huntington Bancshares,Cyclical,Financials,Regional Banks,13,79,17,39,55
HCA,HCA Healthcare,Defensive,Health Care,Health Care Facilities,357,93,90,100,100
HD,Home Depot (The),Growth,Consumer Discretionary,Home Improvement Retail,323,77,38,5,52
HIG,Hartford (The),Cyclical,Financials,Property & Casualty Insurance,111,85,56,39,83
HII,Huntington Ingalls Industries,Cyclical,Industrials,Aerospace & Defense,243,82,93,9,88
HLT,Hilton Worldwide,Growth,Consumer Discretionary,"Hotels, Resorts & Cruise Lines",223,72,46,39,63
HOLX,Hologic,Defensive,Health Care,Health Care Equipment,58,80,58,39,79
HON,Honeywell,Cyclical,Industrials,Industrial Conglomerates,173,80,23,5,47
HOOD,Robinhood Markets,Cyclical,Financials,Investment Banking & Brokerage,119,59,95,70,91
HPE,Hewlett Packard Enterprise,Growth,Information Technology,"Technology Hardware, Storage & Peripherals",21,26,81,18,33
HPQ,HP Inc.,Growth,Information Technology,"Technology Hardware, Storage & Peripherals",22,82,18,17,49
HRL,Hormel Foods,Defensive,Consumer Staples,Packaged Foods & Meats,20,59,5,39,29
HSIC,Henry Schein,Defensive,Health Care,Health Care Distributors,54,22,7,39,3
HST,Host Hotels & Resorts,Special,Real Estate,Hotel & Resort REITs,14,93,14,84,84
HSY,Hershey Company (The),Defensive,Consumer Staples,Packaged Foods & Meats,165,3,86,11,12
HUBB,Hubbell Incorporated,Cyclical,Industrials,Industrial Machinery & Supplies & Components,351,81,45,39,71
HUM,Humana,Defensive,Health Care,Managed Health Care,241,66,87,74,92
HWM,Howmet Aerospace,Cyclical,Industrials,Aerospace & Defense,158,39,77,39,50
IBKR,Interactive Brokers,Cyclical,Financials,Investment Banking & Brokerage,59,27,73,68,48
IBM,IBM,Growth,Information Technology,IT Consulting & Other Services,239,40,94,64,69
ICE,Intercontinental Exchange,Cyclical,Financials,Financial Exchanges & Data,135,43,13,21,12
IDXX,Idexx Laboratories,Defensive,Health Care,Health Care Equipment,530,44,84,39,58
IEX,IDEX Corporation,Cyclical,Industrials,Industrial Machinery & Supplies & Components,139,62,27,39,44
IFF,International Flavors & Fragrances,Cyclical,Materials,Specialty Chemicals,51,96,6,8,53
INCY,Incyte,Defensive,Health Care,Biotechnology,72,61,78,39,71
INTC,Intel,Growth,Information Technology,Semiconductors,31,3,87,22,17
INTU,Intuit,Growth,Information Technology,Application Software,552,5,46,84,19
INVH,Invitation Homes,Special,Real Estate,Single-Family Residential REITs,24,36,2,39,7
IP,International Paper,Cyclical,Materials,Paper & Plastic Packaging Products & Materials,39,72,15,78,60
IPG,Interpublic Group of Companies (The),Growth,Communication Services,Advertising,22,65,51,39,59
IQV,IQVIA,Defensive,Health Care,Life Sciences Tools & Services,170,15,84,88,50
IR,Ingersoll Rand,Cyclical,Industrials,Industrial Machinery & Supplies & Components,65,4,17,64,3
IRM,Iron Mountain,Special,Real Estate,Other Specialized REITs,88,4,71,39,15
ISRG,Intuitive Surgical,Defensive,Health Care,Health Care Equipment,369,36,50,92,53
IT,Gartner,Growth,Information Technology,IT Consulting & Other Services,206,78,47,67,82
ITW,Illinois Tool Works,Cyclical,Industrials,Industrial Machinery & Supplies & Components,211,81,31,39,63
IVZ,Invesco,Cyclical,Financials,Asset Management & Custody Banks,19,90,80,39,95
J,Jacobs Solutions,Cyclical,Industrials,Construction & Engineering,130,13,85,71,43
JBHT,J.B. Hunt,Cyclical,Industrials,Cargo Ground Transportation,118,26,36,39,16
JCI,Johnson Controls,Cyclical,Industrials,Building Products,91,72,45,39,62
JKHY,Jack Henry & Associates,Cyclical,Financials,Transaction & Payment Processing Services,130,69,22,39,48
JNJ,Johnson & Johnson,Defensive,Health Care,Pharmaceuticals,164,98,97,19,97
JPM,JPMorgan Chase,Cyclical,Financials,Diversified Banks,259,85,92,6,89
K,Kellanova,Defensive,Consumer Staples,Packaged Foods & Meats,71,33,71,69,53
KDP,Keurig Dr Pepper,Defensive,Consumer Staples,Soft Drinks & Non-alcoholic Beverages,22,72,4,39,40
KEY,KeyCorp,Cyclical,Financials,Regional Banks,15,83,31,62,75
KEYS,Keysight Technologies,Growth,Information Technology,Electronic Equipment & Instruments,137,8,69,62,27
KHC,Kraft Heinz,Defensive,Consumer Staples,Packaged Foods & Meats,22,46,4,2,5
KIM,Kimco Realty,Special,Real Estate,Retail REITs,18,47,5,57,27
KKR,KKR & Co.,Cyclical,Financials,Asset Management & Custody Banks,101,6,12,98,7
KLAC,KLA Corporation,Growth,Information Technology,Semiconductor Materials & Equipment,845,48,99,39,70
KMB,Kimberly-Clark,Defensive,Consumer Staples,Household Products,103,35,9,39,9
KMI,Kinder Morgan,Cyclical,Energy,Oil & Gas Storage & Transportation,23,75,29,4,45
KMX,CarMax,Growth,Consumer Discretionary,Automotive Retail,37,46,3,3,5
KO,Coca-Cola Company (The),Defensive,Consumer Staples,Soft Drinks & Non-alcoholic Beverages,58,92,7,23,55
KR,Kroger,Defensive,Consumer Staples,Food Retail,58,51,28,75,48
KVUE,Kenvue,Defensive,Consumer Staples,Personal Care Products,14,56,2,13,15
L,Loews Corporation,Cyclical,Financials,Multi-line Insurance,87,42,81,72,66
LDOS,Leidos,Cyclical,Industrials,Diversified Support Services,162,66,93,39,86
LH,Labcorp,Defensive,Health Care,Health Care Services,239,54,84,92,88
LHX,L3Harris,Cyclical,Industrials,Aerospace & Defense,251,37,96,100,83
LII,Lennox International,Cyclical,Industrials,Building Products,451,75,35,39,60
LIN,Linde plc,Cyclical,Materials,Industrial Gases,390,84,39,39,70
LKQ,LKQ Corporation,Growth,Consumer Discretionary,Distributors,25,87,6,99,78
LLY,Lilly (Eli),Defensive,Health Care,Pharmaceuticals,717,79,94,87,98
LMT,Lockheed Martin,Cyclical,Industrials,Aerospace & Defense,434,12,93,96,56
LNT,Alliant Energy,Defensive,Utilities,Electric Utilities,58,14,65,39,22
LOW,Lowe's,Growth,Consumer Discretionary,Home Improvement Retail,200,100,43,66,94
LRCX,Lam Research,Growth,Information Technology,Semiconductor Materials & Equipment,113,62,96,15,73
LULU,Lululemon Athletica,Growth,Consumer Discretionary,"Apparel, Accessories & Luxury Goods",144,68,25,80,63
LUV,Southwest Airlines,Cyclical,Industrials,Passenger Airlines,27,59,24,8,29
LVS,Las Vegas Sands,Growth,Consumer Discretionary,Casinos & Gaming,43,57,58,39,57
LW,Lamb Weston,Defensive,Consumer Staples,Packaged Foods & Meats,55,18,73,67,39
LYB,LyondellBasell,Cyclical,Materials,Specialty Chemicals,39,18,2,57,3
LYV,Live Nation Entertainment,Growth,Communication Services,Movies & Entertainment,132,3,42,76,11
MA,Mastercard,Cyclical,Financials,Transaction & Payment Processing Services,479,71,43,96,84
MAA,Mid-America Apartment Communities,Special,Real Estate,Multi-Family Residential REITs,116,43,15,39,20
MAR,Marriott International,Growth,Consumer Discretionary,"Hotels, Resorts & Cruise Lines",224,89,53,67,92
MAS,Masco,Cyclical,Industrials,Building Products,56,100,24,74,91
MCD,McDonald's,Growth,Consumer Discretionary,Restaurants,255,86,30,69,80
MCHP,Microchip Technology,Growth,Information Technology,Semiconductors,52,23,22,39,6
MCK,McKesson Corporation,Defensive,Health Care,Health Care Distributors,657,25,85,39,42
MCO,Moody's Corporation,Cyclical,Financials,Financial Exchanges & Data,416,65,55,89,83
MDLZ,Mondelez International,Defensive,Consumer Staples,Packaged Foods & Meats,53,17,14,3,1
MDT,Medtronic,Defensive,Health Care,Health Care Equipment,82,46,71,7,42
MET,MetLife,Cyclical,Financials,Life & Health Insurance,69,32,43,22,20
META,Meta Platforms,Growth,Communication Services,Interactive Media & Services,606,76,68,75,91
MGM,MGM Resorts,Growth,Consumer Discretionary,Casinos & Gaming,27,23,1,86,10
MHK,Mohawk Industries,Growth,Consumer Discretionary,Home Furnishings,101,70,41,39,59
MKC,McCormick & Company,Defensive,Consumer Staples,Packaged Foods & Meats,57,31,12,39,8
MLM,Martin Marietta Materials,Cyclical,Materials,Construction Materials,544,25,92,12,36
MMC,Marsh McLennan,Cyclical,Financials,Insurance Brokers,178,94,56,39,90
MMM,3M,Cyclical,Industrials,Industrial Conglomerates,128,19,44,83,30
MNST,Monster Beverage,Defensive,Consumer Staples,Soft Drinks & Non-alcoholic Beverages,60,55,70,88,81
MO,Altria,Defensive,Consumer Staples,Tobacco,57,99,66,85,99
MOH,Molina Healthcare,Defensive,Health Care,Managed Health Care,167,31,57,80,48
MOS,Mosaic Company (The),Cyclical,Materials,Fertilizers & Agricultural Chemicals,26,86,26,94,87
MPC,Marathon Petroleum,Cyclical,Energy,Oil & Gas Refining & Marketing,156,84,92,93,100
MPWR,Monolithic Power Systems,Growth,Information Technology,Semiconductors,778,15,99,39,40
MRK,Merck & Co.,Defensive,Health Care,Pharmaceuticals,74,99,46,59,93
MRNA,Moderna,Defensive,Health Care,Biotechnology,23,3,11,11,1
MS,Morgan Stanley,Cyclical,Financials,Investment Banking & Brokerage,131,81,89,16,88
MSCI,MSCI Inc.,Cyclical,Financials,Financial Exchanges & Data,470,71,44,71,74
MSFT,Microsoft,Growth,Information Technology,Systems Software,439,77,96,19,89
MSI,Motorola Solutions,Growth,Information Technology,Communications Equipment,392,23,69,78,46
MTB,M&T Bank,Cyclical,Financials,Regional Banks,155,88,36,39,73
MTCH,Match Group,Growth,Communication Services,Interactive Media & Services,27,87,13,39,59
MTD,Mettler Toledo,Defensive,Health Care,Life Sciences Tools & Services,1095,58,78,71,82
NCLH,Norwegian Cruise Line Holdings,Growth,Consumer Discretionary,"Hotels, Resorts & Cruise Lines",19,6,37,58,6
NDAQ,"Nasdaq, Inc.",Cyclical,Financials,Financial Exchanges & Data,76,23,49,39,21
NDSN,Nordson Corporation,Cyclical,Industrials,Industrial Machinery & Supplies & Components,196,37,82,39,52
NEE,NextEra Energy,Defensive,Utilities,Multi-Utilities,72,35,79,95,67
NEM,Newmont,Cyclical,Materials,Gold,73,95,89,70,100
NFLX,Netflix,Growth,Communication Services,Movies & Entertainment,1049,61,66,84,83
NI,NiSource,Defensive,Utilities,Multi-Utilities,37,24,53,96,45
NKE,"Nike, Inc.",Growth,Consumer Discretionary,"Apparel, Accessories & Luxury Goods",56,13,18,79,9
NOC,Northrop Grumman,Cyclical,Industrials,Aerospace & Defense,536,73,100,99,99
NOW,ServiceNow,Growth,Information Technology,Systems Software,764,14,39,65,16
NRG,NRG Energy,Defensive,Utilities,Independent Power Producers & Energy Traders,138,1,69,58,19
NSC,Norfolk Southern,Cyclical,Industrials,Rail Transportation,248,67,96,39,87
NTAP,NetApp,Growth,Information Technology,"Technology Hardware, Storage & Peripherals",98,38,74,39,48
NTRS,Northern Trust,Cyclical,Financials,Asset Management & Custody Banks,107,94,75,87,99
NUE,Nucor,Cyclical,Materials,Steel,115,84,39,59,80
NVDA,Nvidia,Growth,Information Technology,Semiconductors,157,51,91,61,78
NVR,"NVR, Inc.",Growth,Consumer Discretionary,Homebuilding,6406,54,55,11,42
NWS,News Corp (Class B),Growth,Communication Services,Publishing,25,59,8,4,19
NWSA,News Corp (Class A),Growth,Communication Services,Publishing,22,63,7,39,34
NXPI,NXP Semiconductors,Growth,Information Technology,Semiconductors,177,34,47,39,30
O,Realty Income,Special,Real Estate,Retail REITs,50,21,32,56,15
ODFL,Old Dominion,Cyclical,Industrials,Cargo Ground Transportation,115,68,12,39,41
OKE,Oneok,Cyclical,Energy,Oil & Gas Storage & Transportation,59,90,14,75,76
OMC,Omnicom Group,Growth,Communication Services,Advertising,66,48,42,100,61
ON,ON Semiconductor,Growth,Information Technology,Semiconductors,39,20,13,68,9
ORCL,Oracle Corporation,Growth,Information Technology,Application Software,252,4,98,79,45
ORLY,O’Reilly Automotive,Growth,Consumer Discretionary,Automotive Retail,88,68,51,68,74
OTIS,Otis Worldwide,Cyclical,Industrials,Industrial Machinery & Supplies & Components,77,52,41,6,31
OXY,Occidental Petroleum,Cyclical,Energy,Oil & Gas Exploration & Production,36,45,11,65,29
PANW,Palo Alto Networks,Growth,Information Technology,Systems Software,179,22,87,83,57
PAYC,Paycom,Cyclical,Industrials,Human Resource & Employment Services,172,44,20,39,25
PAYX,Paychex,Cyclical,Industrials,Human Resource & Employment Services,108,60,16,39,36
PCAR,Paccar,Cyclical,Industrials,Construction Machinery & Heavy Transportation Equipment,80,81,12,39,54
PCG,PG&E Corporation,Defensive,Utilities,Multi-Utilities,14,21,35,10,4
PEG,Public Service Enterprise Group,Defensive,Utilities,Electric Utilities,69,28,33,12,7
PEP,PepsiCo,Defensive,Consumer Staples,Soft Drinks & Non-alcoholic Beverages,129,29,52,72,40
PFE,Pfizer,Defensive,Health Care,Pharmaceuticals,21,35,40,56,33
PFG,Principal Financial Group,Cyclical,Financials,Life & Health Insurance,68,73,44,39,63
PG,Procter & Gamble,Defensive,Consumer Staples,Personal Care Products,129,74,18,75,62
PGR,Progressive Corporation,Cyclical,Financials,Property & Casualty Insurance,206,78,36,1,49
PH,Parker Hannifin,Cyclical,Industrials,Industrial Machinery & Supplies & Components,616,89,77,67,97
PHM,PulteGroup,Growth,Consumer Discretionary,Homebuilding,103,96,49,67,94
PKG,Packaging Corporation of America,Cyclical,Materials,Paper & Plastic Packaging Products & Materials,178,63,70,39,67
PLD,Prologis,Special,Real Estate,Industrial REITs,96,33,61,59,44
PLTR,Palantir Technologies,Growth,Information Technology,Application Software,151,30,87,21,41
PM,Philip Morris International,Defensive,Consumer Staples,Tobacco,138,91,33,62,85
PNC,PNC Financial Services,Cyclical,Financials,Diversified Banks,158,82,52,39,77
PNR,Pentair,Cyclical,Industrials,Industrial Machinery & Supplies & Components,92,62,60,39,61
PNW,Pinnacle West Capital,Defensive,Utilities,Multi-Utilities,79,15,47,39,11
PODD,Insulet Corporation,Defensive,Health Care,Health Care Equipment,270,2,63,39,9
POOL,Pool Corporation,Growth,Consumer Discretionary,Distributors,249,88,32,57,78
PPG,PPG Industries,Cyclical,Materials,Specialty Chemicals,85,66,6,39,36
PPL,PPL Corporation,Defensive,Utilities,Electric Utilities,32,7,47,17,3
PRU,Prudential Financial,Cyclical,Financials,Life & Health Insurance,85,64,17,39,40
PSA,Public Storage,Special,Real Estate,Self-Storage REITs,253,49,58,6,38
PSKY,Paramount Skydance Corporation,Growth,Communication Services,Movies & Entertainment,15,10,80,10,15
PSX,Phillips 66,Cyclical,Energy,Oil & Gas Refining & Marketing,109,70,59,39,68
PTC,PTC Inc.,Growth,Information Technology,Application Software,169,11,62,39,17
PWR,Quanta Services,Cyclical,Industrials,Construction & Engineering,359,6,90,17,20
PYPL,PayPal,Cyclical,Financials,Transaction & Payment Processing Services,60,90,52,57,91
QCOM,Qualcomm,Growth,Information Technology,Semiconductors,132,84,77,22,86
RCL,Royal Caribbean Group,Growth,Consumer Discretionary,"Hotels, Resorts & Cruise Lines",262,42,57,85,59
REG,Regency Centers,Special,Real Estate,Retail REITs,61,52,22,11,23
REGN,Regeneron Pharmaceuticals,Defensive,Health Care,Biotechnology,485,97,65,2,85
RF,Regions Financial Corporation,Cyclical,Financials,Regional Banks,21,86,45,87,92
RJF,Raymond James Financial,Cyclical,Financials,Investment Banking & Brokerage,138,34,59,39,36
RL,Ralph Lauren Corporation,Growth,Consumer Discretionary,"Apparel, Accessories & Luxury Goods",266,50,87,83,84
RMD,ResMed,Defensive,Health Care,Health Care Equipment,234,58,81,39,69
ROK,Rockwell Automation,Cyclical,Industrials,Electrical Components & Equipment,287,48,66,39,53
ROL,"Rollins, Inc.",Cyclical,Industrials,Environmental & Facilities Services,49,41,21,39,23
ROP,Roper Technologies,Growth,Information Technology,Electronic Equipment & Instruments,438,32,51,94,50
ROST,Ross Stores,Growth,Consumer Discretionary,Apparel Retail,127,75,68,87,93
RSG,Republic Services,Cyclical,Industrials,Environmental & Facilities Services,194,47,37,39,35
RTX,RTX Corporation,Cyclical,Industrials,Aerospace & Defense,136,8,83,85,42
RVTY,Revvity,Defensive,Health Care,Health Care Equipment,76,16,33,39,6
SBAC,SBA Communications,Special,Real Estate,Telecom Tower REITs,163,49,25,39,31
SBUX,Starbucks,Growth,Consumer Discretionary,Restaurants,67,54,4,57,31
SCHW,Charles Schwab Corporation,Cyclical,Financials,Investment Banking & Brokerage,79,56,50,21,45
SHW,Sherwin-Williams,Cyclical,Materials,Specialty Chemicals,286,50,20,3,16
SJM,J.M. Smucker Company (The),Defensive,Consumer Staples,Packaged Foods & Meats,90,7,22,39,2
SLB,Schlumberger,Cyclical,Energy,Oil & Gas Equipment & Services,27,91,2,8,46
SMCI,Supermicro,Growth,Information Technology,"Technology Hardware, Storage & Peripherals",45,12,76,77,39
SNA,Snap-on,Cyclical,Industrials,Industrial Machinery & Supplies & Components,281,92,73,39,93
SNPS,Synopsys,Growth,Information Technology,Application Software,377,3,59,6,3
SO,Southern Company,Defensive,Utilities,Electric Utilities,85,8,63,73,28
SOLV,Solventum,Defensive,Health Care,Health Care Technology,61,11,15,68,4
SPG,Simon Property Group,Special,Real Estate,Retail REITs,151,67,79,7,65
SPGI,S&P Global,Cyclical,Financials,Financial Exchanges & Data,418,79,38,39,65
SRE,Sempra,Defensive,Utilities,Multi-Utilities,78,31,84,39,48
STE,Steris,Defensive,Health Care,Health Care Equipment,203,44,48,4,28
STLD,Steel Dynamics,Cyclical,Materials,Steel,121,81,68,69,93
STT,State Street Corporation,Cyclical,Financials,Asset Management & Custody Banks,95,76,83,39,88
STX,Seagate Technology,Growth,Information Technology,"Technology Hardware, Storage & Peripherals",184,55,98,39,77
STZ,Constellation Brands,Defensive,Consumer Staples,Distillers & Vintners,122,47,18,15,17
SW,Smurfit Westrock,Cyclical,Materials,Paper & Plastic Packaging Products & Materials,35,9,10,14,1
SWK,Stanley Black & Decker,Cyclical,Industrials,Industrial Machinery & Supplies & Components,55,36,21,39,18
SWKS,Skyworks Solutions,Growth,Information Technology,Semiconductors,59,57,34,39,43
SYF,Synchrony Financial,Cyclical,Financials,Consumer Finance,58,83,55,39,80
SYK,Stryker Corporation,Defensive,Health Care,Health Care Equipment,313,43,38,39,33
SYY,Sysco,Defensive,Consumer Staples,Food Distributors,67,65,54,39,61
T,AT&T,Growth,Communication Services,Integrated Telecommunication Services,22,75,14,56,55
TAP,Molson Coors Beverage Company,Defensive,Consumer Staples,Brewers,40,100,8,62,77
TDG,TransDigm Group,Cyclical,Industrials,Aerospace & Defense,1099,39,53,39,38
TDY,Teledyne Technologies,Growth,Information Technology,Electronic Equipment & Instruments,488,19,88,82,55
TECH,Bio-Techne,Defensive,Health Care,Life Sciences Tools & Services,50,6,61,64,21
TEL,TE Connectivity,Growth,Information Technology,Electronic Manufacturing Services,184,86,97,39,96
TER,Teradyne,Growth,Information Technology,Semiconductor Materials & Equipment,114,29,93,3,37
TFC,Truist Financial,Cyclical,Financials,Diversified Banks,36,57,20,39,35
TGT,Target Corporation,Defensive,Consumer Staples,Consumer Staples Merchandise Retail,74,95,11,12,56
TJX,TJX Companies,Growth,Consumer Discretionary,Apparel Retail,121,56,80,94,89
TKO,TKO Group Holdings,Growth,Communication Services,Movies & Entertainment,161,59,74,100,90
TMO,Thermo Fisher Scientific,Defensive,Health Care,Life Sciences Tools & Services,451,46,88,81,80
TMUS,T-Mobile US,Growth,Communication Services,Wireless Telecommunication Services,197,74,31,60,64
TPL,Texas Pacific Land Corporation,Cyclical,Energy,Oil & Gas Exploration & Production,765,56,60,90,76
TPR,"Tapestry, Inc.",Growth,Consumer Discretionary,"Apparel, Accessories & Luxury Goods",93,10,89,39,31
TRGP,Targa Resources,Cyclical,Energy,Oil & Gas Storage & Transportation,131,29,28,39,14
TRMB,Trimble Inc.,Growth,Information Technology,Electronic Equipment & Instruments,65,14,41,39,8
TROW,T. Rowe Price,Cyclical,Financials,Asset Management & Custody Banks,87,96,45,80,95
TRV,Travelers Companies (The),Cyclical,Financials,Property & Casualty Insurance,232,64,70,39,68
TSCO,Tractor Supply,Growth,Consumer Discretionary,Other Specialty Retail,47,97,16,39,69
TSLA,"Tesla, Inc.",Growth,Consumer Discretionary,Automobile Manufacturers,356,5,99,19,26
TSN,Tyson Foods,Defensive,Consumer Staples,Packaged Foods & Meats,45,31,9,89,26
TT,Trane Technologies,Cyclical,Industrials,Building Products,356,64,63,15,57
TTD,Trade Desk (The),Growth,Communication Services,Advertising,45,8,27,90,13
TTWO,Take-Two Interactive,Growth,Communication Services,Interactive Home Entertainment,217,5,90,70,38
TXN,Texas Instruments,Growth,Information Technology,Semiconductors,148,51,30,99,58
TXT,Textron,Cyclical,Industrials,Aerospace & Defense,70,88,69,74,96
TYL,Tyler Technologies,Growth,Information Technology,Application Software,434,27,37,39,18
UAL,United Airlines Holdings,Cyclical,Industrials,Passenger Airlines,83,75,64,17,67
UBER,Uber,Cyclical,Industrials,Passenger Ground Transportation,80,35,60,74,50
UDR,"UDR, Inc.",Special,Real Estate,Multi-Family Residential REITs,31,20,4,39,2
UHS,Universal Health Services,Defensive,Health Care,Health Care Facilities,169,88,85,66,97
ULTA,Ulta Beauty,Growth,Consumer Discretionary,Other Specialty Retail,472,54,91,63,83
UNH,UnitedHealth Group,Defensive,Health Care,Managed Health Care,305,42,89,16,52
UNP,Union Pacific Corporation,Cyclical,Industrials,Rail Transportation,194,90,72,5,84
UPS,United Parcel Service,Cyclical,Industrials,Air Freight & Logistics,71,48,13,73,36
URI,United Rentals,Cyclical,Industrials,Trading Companies & Distributors,817,34,99,6,47
USB,U.S. Bancorp,Cyclical,Financials,Diversified Banks,39,94,40,20,74
V,Visa Inc.,Cyclical,Financials,Transaction & Payment Processing Services,295,71,70,23,69
VICI,Vici Properties,Special,Real Estate,Hotel & Resort REITs,27,94,8,91,84
VLO,Valero Energy,Cyclical,Energy,Oil & Gas Refining & Marketing,136,75,88,7,79
VLTO,Veralto,Cyclical,Industrials,Environmental & Facilities Services,88,45,30,39,30
VMC,Vulcan Materials Company,Cyclical,Materials,Construction Materials,259,57,85,39,71
VRSK,Verisk Analytics,Cyclical,Industrials,Research & Consulting Services,209,41,25,39,25
VRSN,Verisign,Growth,Information Technology,Internet Services & Infrastructure,224,87,37,39,72
VRTX,Vertex Pharmaceuticals,Defensive,Health Care,Biotechnology,351,47,67,90,70
VST,Vistra Corp.,Defensive,Utilities,Electric Utilities,169,2,74,61,24
VTR,Ventas,Special,Real Estate,Health Care REITs,58,11,38,39,5
VTRS,Viatris,Defensive,Health Care,Pharmaceuticals,8,36,44,8,19
VZ,Verizon,Growth,Communication Services,Integrated Telecommunication Services,34,97,1,13,53
WAB,Wabtec,Cyclical,Industrials,Construction Machinery & Heavy Transportation Equipment,164,53,54,39,51
WAT,Waters Corporation,Defensive,Health Care,Life Sciences Tools & Services,285,30,71,79,54
WBD,Warner Bros. Discovery,Growth,Communication Services,Broadcasting,15,52,83,14,57
WDAY,"Workday, Inc.",Growth,Information Technology,Application Software,200,13,59,86,34
WDC,Western Digital,Growth,Information Technology,"Technology Hardware, Storage & Peripherals",99,11,94,9,25
WEC,WEC Energy Group,Defensive,Utilities,Electric Utilities,99,15,70,87,43
WELL,Welltower,Special,Real Estate,Health Care REITs,143,9,75,78,37
WFC,Wells Fargo,Cyclical,Financials,Diversified Banks,67,67,48,72,72
WM,Waste Management,Cyclical,Industrials,Environmental & Facilities Services,189,37,37,14,18
WMB,Williams Companies,Cyclical,Energy,Oil & Gas Storage & Transportation,54,16,63,93,42
WMT,Walmart,Defensive,Consumer Staples,Consumer Staples Merchandise Retail,88,68,57,95,87
WRB,W. R. Berkley Corporation,Cyclical,Financials,Property & Casualty Insurance,67,69,62,39,68
WSM,"Williams-Sonoma, Inc.",Growth,Consumer Discretionary,Homefurnishing Retail,156,58,56,39,57
WST,West Pharmaceutical Services,Defensive,Health Care,Health Care Supplies,225,32,88,39,50
WTW,Willis Towers Watson,Cyclical,Financials,Insurance Brokers,290,17,81,39,32
WY,Weyerhaeuser,Special,Real Estate,Timber REITs,21,38,3,20,5
WYNN,Wynn Resorts,Growth,Consumer Discretionary,Casinos & Gaming,103,13,79,95,49
XEL,Xcel Energy,Defensive,Utilities,Multi-Utilities,70,9,82,88,44
XOM,ExxonMobil,Cyclical,Energy,Integrated Oil & Gas,95,98,54,86,97
XYL,Xylem Inc.,Cyclical,Industrials,Industrial Machinery & Supplies & Components,124,47,86,39,62
XYZ,"Block, Inc.",Cyclical,Financials,Transaction & Payment Processing Services,64,55,73,94,85
YUM,Yum! Brands,Growth,Consumer Discretionary,Restaurants,122,72,31,19,49
ZBH,Zimmer Biomet,Defensive,Health Care,Health Care Equipment,81,43,36,39,32
ZBRA,Zebra Technologies,Growth,Information Technology,Electronic Equipment & Instruments,237,17,29,39,6
ZTS,Zoetis,Defensive,Health Care,Pharmaceuticals,121,76,16,39,51
